{
  "shape": [
    72820,
    12
  ],
  "missing_count": {
    "0": 0,
    "1": 0,
    "2": 0,
    "3": 0,
    "4": 0,
    "5": 0,
    "6": 0,
    "7": 0,
    "8": 0,
    "9": 0,
    "10": 0,
    "11": 0
  },
  "dtypes": {
    "0": "float64",
    "1": "float64",
    "2": "float64",
    "3": "float64",
    "4": "float64",
    "5": "float64",
    "6": "float64",
    "7": "float64",
    "8": "float64",
    "9": "float64",
    "10": "float64",
    "11": "float64"
  },
  "numeric_summary": {
    "0": {
      "count": 72820.0,
      "mean": 1.1147127118380118,
      "std": 1.7226578491116138,
      "min": -0.3483484544204547,
      "25%": -0.3483484544204547,
      "50%": -0.3483484544204547,
      "75%": 3.595919708858985,
      "max": 3.595919708858985
    },
    "1": {
      "count": 72820.0,
      "mean": 1.013852274564457,
      "std": 1.5935843710265432,
      "min": -0.8323849478059017,
      "25%": 0.0678873408158428,
      "50%": 0.0805893301407218,
      "75%": 2.7726918844134096,
      "max": 3.6816784846277
    },
    "2": {
      "count": 72820.0,
      "mean": 0.9426800689662157,
      "std": 1.5965407701799645,
      "min": -1.0685431066167148,
      "25%": -0.02665713406646685,
      "50%": 0.27921633177410987,
      "75%": 2.180858986621873,
      "max": 4.824315751887853
    },
    "3": {
      "count": 72820.0,
      "mean": -0.013091634222561061,
      "std": 0.9985889126423284,
      "min": -1.338280839989199,
      "25%": -1.338280839989199,
      "50%": -0.4443802571173232,
      "75%": 0.5136331331730438,
      "max": 1.3434209086264282
    },
    "4": {
      "count": 72820.0,
      "mean": -0.012016912871515881,
      "std": 0.9948750161656963,
      "min": -4.387791416238099,
      "25%": -0.7346241290318205,
      "50%": 0.019670791443185,
      "75%": 0.7892276848478537,
      "max": 1.5656316995478057
    },
    "5": {
      "count": 72820.0,
      "mean": -0.011522612059086895,
      "std": 0.9887260445024153,
      "min": -1.2997131858876048,
      "25%": -0.7336893576331696,
      "50%": -0.2132067956831977,
      "75%": 0.4286622861723762,
      "max": 5.204018955979094
    },
    "6": {
      "count": 72820.0,
      "mean": 0.007436428030149049,
      "std": 1.001697367452297,
      "min": -0.8221118443738247,
      "25%": -0.8221118443738247,
      "50%": -0.5923510900834166,
      "75%": 1.4019722571573254,
      "max": 1.4019722571573254
    },
    "7": {
      "count": 72820.0,
      "mean": 0.002681949775276509,
      "std": 0.9939285390590246,
      "min": -1.5176397012964895,
      "25%": -0.6597614675224651,
      "50%": 0.0675722278719638,
      "75%": 0.8766890820935028,
      "max": 1.2149683224384835
    },
    "8": {
      "count": 72820.0,
      "mean": 0.002681931078090415,
      "std": 0.9939284846077001,
      "min": -1.5176406006957204,
      "25%": -0.6597562501667248,
      "50%": 0.0675685985552947,
      "75%": 0.8766803565037385,
      "max": 1.214976394054995
    },
    "9": {
      "count": 72820.0,
      "mean": 0.006358806661604129,
      "std": 0.9905747964554898,
      "min": -4.340756605805752,
      "25%": -0.4402269634054926,
      "50%": 0.2036773326151119,
      "75%": 0.6774020773456941,
      "max": 1.540859018159073
    },
    "10": {
      "count": 72820.0,
      "mean": -0.012321535900693872,
      "std": 0.9845545007131474,
      "min": -0.3704468081212627,
      "25%": -0.3704468081212627,
      "50%": -0.3704468081212627,
      "75%": -0.3704468081212627,
      "max": 5.961764929606406
    },
    "11": {
      "count": 72820.0,
      "mean": -0.007776512651362367,
      "std": 0.995891152286179,
      "min": -0.6310717291088133,
      "25%": -0.6310717291088133,
      "50%": -0.6310717291088133,
      "75%": 1.584605923342786,
      "max": 1.584605923342786
    }
  }
}