{
  "shape": [
    72820,
    12
  ],
  "missing_count": {
    "0": 0,
    "1": 0,
    "2": 0,
    "3": 0,
    "4": 0,
    "5": 0,
    "6": 0,
    "7": 0,
    "8": 0,
    "9": 0,
    "10": 0,
    "11": 0
  },
  "dtypes": {
    "0": "float64",
    "1": "float64",
    "2": "float64",
    "3": "float64",
    "4": "float64",
    "5": "float64",
    "6": "float64",
    "7": "float64",
    "8": "float64",
    "9": "float64",
    "10": "float64",
    "11": "float64"
  },
  "numeric_summary": {
    "0": {
      "count": 72820.0,
      "mean": 1.1144238338255041,
      "std": 1.7227567592081843,
      "min": -0.3483484544204547,
      "25%": -0.3483484544204547,
      "50%": -0.3483484544204547,
      "75%": 3.595919708858985,
      "max": 3.595919708858985
    },
    "1": {
      "count": 72820.0,
      "mean": 1.013553836672033,
      "std": 1.5937813390436617,
      "min": -0.8323849478059017,
      "25%": 0.0678873408158428,
      "50%": 0.0805893301407218,
      "75%": 2.7726918844134096,
      "max": 3.6816784846277
    },
    "2": {
      "count": 72820.0,
      "mean": 0.9423754060539673,
      "std": 1.5966502216661922,
      "min": -1.0685431066167148,
      "25%": -0.02720874629761655,
      "50%": 0.27912562088165843,
      "75%": 2.1805477674960865,
      "max": 4.824315751887853
    },
    "3": {
      "count": 72820.0,
      "mean": -0.013312592894515108,
      "std": 0.9985964113658633,
      "min": -1.338280839989199,
      "25%": -1.338280839989199,
      "50%": -0.4443802571173232,
      "75%": 0.5050812699852903,
      "max": 1.3434209086264282
    },
    "4": {
      "count": 72820.0,
      "mean": -0.012434405510254,
      "std": 0.9953278859743298,
      "min": -4.387791416238099,
      "25%": -0.7347302715296714,
      "50%": 0.019670791443185,
      "75%": 0.7892276848478537,
      "max": 1.5656316995478057
    },
    "5": {
      "count": 72820.0,
      "mean": -0.011250008379889615,
      "std": 0.9893506071043893,
      "min": -1.2997131858876048,
      "25%": -0.7337976659038644,
      "50%": -0.2132067956831977,
      "75%": 0.42926801456737246,
      "max": 5.204018955979094
    },
    "6": {
      "count": 72820.0,
      "mean": 0.00733634548241365,
      "std": 1.0016471494093664,
      "min": -0.8221118443738247,
      "25%": -0.8221118443738247,
      "50%": -0.5923510900834166,
      "75%": 1.4019722571573254,
      "max": 1.4019722571573254
    },
    "7": {
      "count": 72820.0,
      "mean": 0.0030099638013356108,
      "std": 0.9942911536602757,
      "min": -1.5176397012964895,
      "25%": -0.6597614675224651,
      "50%": 0.0675722278719638,
      "75%": 0.8766890820935028,
      "max": 1.2149683224384835
    },
    "8": {
      "count": 72820.0,
      "mean": 0.003009945163878173,
      "std": 0.9942911009755326,
      "min": -1.5176406006957204,
      "25%": -0.6597562501667248,
      "50%": 0.0675685985552947,
      "75%": 0.8766803565037385,
      "max": 1.214976394054995
    },
    "9": {
      "count": 72820.0,
      "mean": 0.006302766013086037,
      "std": 0.9909162203160977,
      "min": -4.340756605805752,
      "25%": -0.4399763210412117,
      "50%": 0.2036773326151119,
      "75%": 0.6775228768440876,
      "max": 1.5393349579575546
    },
    "10": {
      "count": 72820.0,
      "mean": -0.012592505533832492,
      "std": 0.9836643824064797,
      "min": -0.3704468081212627,
      "25%": -0.3704468081212627,
      "50%": -0.3704468081212627,
      "75%": -0.3704468081212627,
      "max": 5.961764929606406
    },
    "11": {
      "count": 72820.0,
      "mean": -0.007137550406079703,
      "std": 0.9962017855698816,
      "min": -0.6310717291088133,
      "25%": -0.6310717291088133,
      "50%": -0.6310717291088133,
      "75%": 1.584605923342786,
      "max": 1.584605923342786
    }
  }
}